{
  "project_info": {
    "project_number": "955813348120",
    "project_id": "finaldraft-531c4",
    "storage_bucket": "finaldraft-531c4.appspot.com"
  },
  "client": [
    {
      "client_info": {
        "mobilesdk_app_id": "1:955813348120:android:d84ae41d14e062713d146d",
        "android_client_info": {
          "package_name": "com.ayush.finaldraft"
        }
      },
      "oauth_client": [
        {
          "client_id": "955813348120-a1sptndnqqlivstatfkt7s2vsr1qdqo6.apps.googleusercontent.com",
          "client_type": 3
        }
      ],
      "api_key": [
        {
          "current_key": "AIzaSyD3OjUQFdFyVYFctGEw6xPuqPSgof5oMuI"
        }
      ],
      "services": {
        "appinvite_service": {
          "other_platform_oauth_client": [
            {
              "client_id": "955813348120-a1sptndnqqlivstatfkt7s2vsr1qdqo6.apps.googleusercontent.com",
              "client_type": 3
            }
          ]
        }
      }
    }
  ],
  "configuration_version": "1"
}